,c_0,c_1,c_2,c_3,c_4,c_5,c_6,c_7,c_8,c_9,c_10,c_11,c_12,c_13,c_14,c_15,c_16,c_17,c_18,c_19,c_20
0,1fbe8f642c1b6c23100534c9ef006089,2016-04-22 16:09:51,0,0.0,0.0,0.972164859728054,10,1946.5,1,39.0,1,21.8736,346.8,1,울산광역시,울주군,U,-2.508764046739132,,2016,D
1,1fbe8f642c1b6c23100534c9ef006089,2016-04-22 16:09:51,1,,,1.0950721625247486,13,1863.5,1,39.0,1,25.389,26.700000000000006,1,울산광역시,울주군,U,-2.508764046739132,,2016,D
2,1fbe8f642c1b6c23100534c9ef006089,2016-04-22 16:09:51,2,,,0.23472104294788604,15,1341.0,1,39.0,1,15.2334,21.5,2,울산광역시,울주군,U,-2.508764046739132,,2016,D
3,1fbe8f642c1b6c23100534c9ef006089,2016-04-22 16:09:51,3,,,0.20740830899306492,15,1255.5,1,39.0,1,16.7958,44.6,2,울산광역시,울주군,U,-2.508764046739132,,2016,D
4,1fbe8f642c1b6c23100534c9ef006089,2016-04-22 16:09:51,4,,,0.630755685292791,15,1238.0,1,39.0,1,6.2496,123.0,2,울산광역시,울주군,U,-2.508764046739132,,2016,D
5,1fbe8f642c1b6c23100534c9ef006089,2016-04-22 16:09:51,5,,,-0.21593906730666104,16,1320.0,1,39.75,1,0.0,186.4,2,울산광역시,울주군,U,-2.508764046739132,,2016,D
6,1fbe8f642c1b6c23100534c9ef006089,2016-04-22 16:09:51,6,,,-0.3115336361485347,14,1098.5,1,39.75,2,0.0,184.5,2,울산광역시,울주군,U,-2.508764046739132,,2016,D
7,1fbe8f642c1b6c23100534c9ef006089,2016-04-22 16:09:51,7,,,-0.18862633335184,11,943.5,0,40.5,1,14.8428,115.8,2,울산광역시,울주군,U,-2.508764046739132,,2016,D
8,1fbe8f642c1b6c23100534c9ef006089,2016-04-22 16:09:51,8,,,1.4091686030051904,11,2227.0,0,40.5,1,14.4522,87.5,1,울산광역시,울주군,U,-2.508764046739132,,2016,D
9,1fbe8f642c1b6c23100534c9ef006089,2016-04-22 16:09:51,9,,,-0.530035507787103,15,1235.0,0,40.5,2,0.0,6.800000000000002,1,울산광역시,울주군,U,-2.508764046739132,,2016,D
10,1fbe8f642c1b6c23100534c9ef006089,2016-04-22 16:09:51,10,,,-0.4207845719678188,13,1052.0,0,41.25,2,0.0,18.7,2,울산광역시,울주군,U,-2.508764046739132,,2016,D
11,1fbe8f642c1b6c23100534c9ef006089,2016-04-22 16:09:51,11,,,-0.5027227738322819,11,881.5,0,41.25,2,0.0,158.9,2,울산광역시,울주군,U,-2.508764046739132,,2016,D
12,1fbe8f642c1b6c23100534c9ef006089,2016-04-22 16:09:51,12,,,-0.21593906730666104,11,1089.0,0,42.0,1,12.4992,281.1,2,울산광역시,울주군,U,-2.508764046739132,,2016,D
13,1fbe8f642c1b6c23100534c9ef006089,2016-04-22 16:09:51,13,,,0.23472104294788604,12,1496.0,0,42.0,1,15.624,310.4000000000001,2,울산광역시,울주군,U,-2.508764046739132,,2016,D
14,1fbe8f642c1b6c23100534c9ef006089,2016-04-22 16:09:51,14,,,0.2620337769027071,15,1684.0,0,42.75,1,5.859,173.4,2,울산광역시,울주군,U,-2.508764046739132,,2016,D
15,1fbe8f642c1b6c23100534c9ef006089,2016-04-22 16:09:51,15,,,-0.3661591040581767,17,1429.0,0,42.75,1,0.0,81.2,2,울산광역시,울주군,U,-2.508764046739132,,2016,D
16,1fbe8f642c1b6c23100534c9ef006089,2016-04-22 16:09:51,16,,,-0.4754100398774608,16,1294.5,0,43.5,2,0.0,31.5,2,울산광역시,울주군,U,-2.508764046739132,,2016,D
17,1fbe8f642c1b6c23100534c9ef006089,2016-04-22 16:09:51,17,,,0.4941920155186858,14,1276.0,0,45.75,1,24.9984,42.5,2,울산광역시,울주군,U,-2.508764046739132,,2016,D
18,1fbe8f642c1b6c23100534c9ef006089,2016-04-22 16:09:51,18,,,0.4941920155186858,15,1305.5,0,46.5,1,17.577,45.0,2,울산광역시,울주군,U,-2.508764046739132,,2016,D
19,1fbe8f642c1b6c23100534c9ef006089,2016-04-22 16:09:51,19,,,-0.3388463701033557,17,1482.0,0,46.5,1,0.0,31.4,2,울산광역시,울주군,U,-2.508764046739132,,2016,D
20,1fbe8f642c1b6c23100534c9ef006089,2016-04-22 16:09:51,20,,,-0.4207845719678188,17,1345.5,0,46.5,1,0.0,76.5,2,울산광역시,울주군,U,-2.508764046739132,,2016,D
21,1fbe8f642c1b6c23100534c9ef006089,2016-04-22 16:09:51,21,,,-0.21593906730666104,4,1199.0,0,50.25,1,11.3274,-343.0,1,울산광역시,울주군,U,-2.508764046739132,,2016,D
22,1fbe8f642c1b6c23100534c9ef006089,2016-04-22 16:09:51,22,,,0.05718827224154933,5,1367.5,0,50.25,1,13.2804,-390.5,1,울산광역시,울주군,U,-2.508764046739132,,2016,D
23,1fbe8f642c1b6c23100534c9ef006089,2016-04-22 16:09:51,23,,,0.20740830899306492,8,1672.0,0,50.25,1,17.9676,-334.6,1,울산광역시,울주군,U,-2.508764046739132,,2016,D
24,1fbe8f642c1b6c23100534c9ef006089,2016-04-22 16:09:51,24,,,0.6990375201798437,12,2165.5,0,50.25,1,19.53,-146.4,1,울산광역시,울주군,U,-2.508764046739132,,2016,D
25,1fbe8f642c1b6c23100534c9ef006089,2016-04-22 16:09:51,25,,,0.5215047494735069,15,1815.5,0,50.25,1,18.7488,-42.0,1,울산광역시,울주군,U,-2.508764046739132,,2016,D
26,1fbe8f642c1b6c23100534c9ef006089,2016-04-22 16:09:51,26,,,-0.07937539753255586,19,1695.5,0,51.0,1,0.0,-9.0,2,울산광역시,울주군,U,-2.508764046739132,,2016,D
27,1fbe8f642c1b6c23100534c9ef006089,2016-04-22 16:09:51,27,,,-0.3934718380129977,18,1425.5,0,51.0,2,0.0,-28.4,2,울산광역시,울주군,U,-2.508764046739132,,2016,D
28,1fbe8f642c1b6c23100534c9ef006089,2016-04-22 16:09:51,28,,,-0.6256300766289765,15,1169.5,0,51.0,2,0.0,12.0,2,울산광역시,울주군,U,-2.508764046739132,,2016,D
29,1fbe8f642c1b6c23100534c9ef006089,2016-04-22 16:09:51,29,,,-0.5027227738322819,14,1085.5,0,51.0,2,0.0,12.1,2,울산광역시,울주군,U,-2.508764046739132,,2016,D
30,1fbe8f642c1b6c23100534c9ef006089,2016-04-22 16:09:51,30,-0.0013695999999967512,-0.0010455000000035852,-0.5983173426741555,12,965.5,0,51.75,1,0.0,4.800000000000002,2,울산광역시,울주군,U,-6.496653570000002,,2016,D
31,1fbe8f642c1b6c23100534c9ef006089,2016-04-22 16:09:51,31,,,-0.3934718380129977,11,1081.0,0,51.75,1,9.765,16.3,2,울산광역시,울주군,U,-6.496653570000002,,2016,D
32,1fbe8f642c1b6c23100534c9ef006089,2016-04-22 16:09:51,32,,,0.7809757220443068,13,1944.5,0,51.75,1,19.9206,9.1,2,울산광역시,울주군,U,-6.496653570000002,,2016,D
33,1fbe8f642c1b6c23100534c9ef006089,2016-04-22 16:09:51,33,,,0.09815737317378093,17,1736.5,0,51.75,1,17.577,-0.7000000000000001,2,울산광역시,울주군,U,-6.496653570000002,,2016,D
34,1fbe8f642c1b6c23100534c9ef006089,2016-04-22 16:09:51,34,,,0.8082884559991277,21,2037.0,0,52.5,1,10.5462,-13.4,2,울산광역시,울주군,U,-6.496653570000002,,2016,D
35,1fbe8f642c1b6c23100534c9ef006089,2016-04-22 16:09:51,35,,,-0.3661591040581767,24,1588.5,0,52.5,2,0.0,-7.1000000000000005,2,울산광역시,울주군,U,-6.496653570000002,,2016,D
36,1fbe8f642c1b6c23100534c9ef006089,2016-04-22 16:09:51,36,,,-0.4480973059226397,23,1291.0,0,52.5,2,0.0,-1.0,3,울산광역시,울주군,U,-6.496653570000002,,2016,D
37,1fbe8f642c1b6c23100534c9ef006089,2016-04-22 16:09:51,37,,,-0.4754100398774608,22,1208.5,0,53.25,2,0.0,0.0,3,울산광역시,울주군,U,-6.496653570000002,,2016,D
38,1fbe8f642c1b6c23100534c9ef006089,2016-04-22 16:09:51,38,,,-0.5983173426741555,19,1043.5,0,53.25,2,0.0,-7.9,3,울산광역시,울주군,U,-6.496653570000002,,2016,D
39,1fbe8f642c1b6c23100534c9ef006089,2016-04-22 16:09:51,39,,,-0.530035507787103,16,959.0,0,53.25,1,0.0,1.1,3,울산광역시,울주군,U,-6.496653570000002,,2016,D
40,1fbe8f642c1b6c23100534c9ef006089,2016-04-22 16:09:51,40,,,0.09815737317378093,16,1295.0,0,54.0,1,19.53,3.6,3,울산광역시,울주군,U,-6.496653570000002,,2016,D
41,1fbe8f642c1b6c23100534c9ef006089,2016-04-22 16:09:51,41,,,0.4941920155186858,20,1754.5,0,54.0,1,0.0,-5.300000000000002,3,울산광역시,울주군,U,-6.496653570000002,,2016,D
42,1fbe8f642c1b6c23100534c9ef006089,2016-04-22 16:09:51,42,,,-0.07937539753255586,23,1471.5,0,54.0,1,0.0,-6.1000000000000005,3,울산광역시,울주군,U,-6.496653570000002,,2016,D
43,1fbe8f642c1b6c23100534c9ef006089,2016-04-22 16:09:51,43,,,-0.3388463701033557,25,1387.5,0,54.75,2,0.0,-4.0,3,울산광역시,울주군,U,-6.496653570000002,,2016,D
44,1fbe8f642c1b6c23100534c9ef006089,2016-04-22 16:09:51,44,,,-0.3934718380129977,25,1338.5,0,54.75,2,0.0,0.30000000000000004,3,울산광역시,울주군,U,-6.496653570000002,,2016,D
45,1fbe8f642c1b6c23100534c9ef006089,2016-04-22 16:09:51,45,,,-0.5027227738322819,22,1150.0,0,54.75,2,0.0,4.9,3,울산광역시,울주군,U,-6.496653570000002,,2016,D
46,1fbe8f642c1b6c23100534c9ef006089,2016-04-22 16:09:51,46,,,-0.530035507787103,17,961.5,0,54.75,2,0.0,0.8,3,울산광역시,울주군,U,-6.496653570000002,,2016,D
47,1fbe8f642c1b6c23100534c9ef006089,2016-04-22 16:09:51,47,,,-0.530035507787103,16,905.0,0,55.5,2,0.0,-7.7,3,울산광역시,울주군,U,-6.496653570000002,,2016,D
48,1fbe8f642c1b6c23100534c9ef006089,2016-04-22 16:09:51,48,,,-0.530035507787103,15,954.0,0,55.5,1,16.7958,-8.5,3,울산광역시,울주군,U,-6.496653570000002,,2016,D
49,1fbe8f642c1b6c23100534c9ef006089,2016-04-22 16:09:51,49,,,1.2862613002084955,20,2060.5,0,55.5,1,20.7018,-10.2,3,울산광역시,울주군,U,-6.496653570000002,,2016,D
50,1fbe8f642c1b6c23100534c9ef006089,2016-04-22 16:09:51,50,,,-0.6256300766289765,27,1040.0,0,56.25,2,0.0,1.6,3,울산광역시,울주군,U,-6.496653570000002,,2016,D
51,1fbe8f642c1b6c23100534c9ef006089,2016-04-22 16:09:51,51,,,-0.5027227738322819,28,1360.5,0,56.25,2,0.0,1.6,3,울산광역시,울주군,U,-6.496653570000002,,2016,D
52,1fbe8f642c1b6c23100534c9ef006089,2016-04-22 16:09:51,52,,,-0.4754100398774608,27,1352.0,0,56.25,2,0.0,-5.6000000000000005,3,울산광역시,울주군,U,-6.496653570000002,,2016,D
53,1fbe8f642c1b6c23100534c9ef006089,2016-04-22 16:09:51,53,,,-0.530035507787103,23,1171.0,0,56.25,2,0.0,-7.4,3,울산광역시,울주군,U,-6.496653570000002,,2016,D
54,1fbe8f642c1b6c23100534c9ef006089,2016-04-22 16:09:51,54,,,-0.530035507787103,20,997.0,0,57.0,2,0.0,0.8,3,울산광역시,울주군,U,-6.496653570000002,,2016,D
55,1fbe8f642c1b6c23100534c9ef006089,2016-04-22 16:09:51,55,,,-0.16131359939701895,17,1136.5,0,57.0,1,20.3112,2.4000000000000004,3,울산광역시,울주군,U,-6.496653570000002,,2016,D
56,1fbe8f642c1b6c23100534c9ef006089,2016-04-22 16:09:51,56,,,1.2862613002084955,20,2052.0,0,57.0,1,22.6548,6.2,3,울산광역시,울주군,U,-6.496653570000002,,2016,D
57,1fbe8f642c1b6c23100534c9ef006089,2016-04-22 16:09:51,57,,,-0.2432518012614821,25,1573.5,0,57.0,1,0.0,1.7000000000000002,3,울산광역시,울주군,U,-6.496653570000002,,2016,D
58,1fbe8f642c1b6c23100534c9ef006089,2016-04-22 16:09:51,58,,,-0.4207845719678188,27,1415.5,0,57.75,2,0.0,-4.800000000000002,3,울산광역시,울주군,U,-6.496653570000002,,2016,D
59,1fbe8f642c1b6c23100534c9ef006089,2016-04-22 16:09:51,59,,,-0.530035507787103,25,1261.5,0,57.75,2,0.0,-5.7,3,울산광역시,울주군,U,-6.496653570000002,,2016,D
60,1fbe8f642c1b6c23100534c9ef006089,2016-04-22 16:09:51,60,-5.905999999811229e-05,-0.0006384999999795582,-0.530035507787103,21,1064.5,0,57.75,2,0.0,-15.8,3,울산광역시,울주군,U,2.051055873412699,,2016,D
61,1fbe8f642c1b6c23100534c9ef006089,2016-04-22 16:09:51,61,,,-0.530035507787103,15,842.0,0,57.75,2,0.0,-16.7,3,울산광역시,울주군,U,2.051055873412699,,2016,D
62,1fbe8f642c1b6c23100534c9ef006089,2016-04-22 16:09:51,62,,,-0.5027227738322819,10,801.0,0,57.75,2,0.0,-1.6,3,울산광역시,울주군,U,2.051055873412699,,2016,D
63,1fbe8f642c1b6c23100534c9ef006089,2016-04-22 16:09:51,63,,,-0.6529428105837976,7,729.5,0,58.5,2,0.0,26.6,3,울산광역시,울주군,U,2.051055873412699,,2016,D
64,1fbe8f642c1b6c23100534c9ef006089,2016-04-22 16:09:51,64,,,-0.6802555445386186,6,758.5,0,58.5,2,0.0,21.3,1,울산광역시,울주군,U,2.051055873412699,,2016,D
65,1fbe8f642c1b6c23100534c9ef006089,2016-04-22 16:09:51,65,,,-0.5983173426741555,5,753.0,0,58.5,2,0.0,-5.1000000000000005,1,울산광역시,울주군,U,2.051055873412699,,2016,D
66,1fbe8f642c1b6c23100534c9ef006089,2016-04-22 16:09:51,66,,,-0.6529428105837976,4,723.5,0,58.5,2,0.0,-14.6,1,울산광역시,울주군,U,2.051055873412699,,2016,D
67,1fbe8f642c1b6c23100534c9ef006089,2016-04-22 16:09:51,67,,,-0.5027227738322819,1,715.5,0,59.25,2,0.0,-15.2,1,울산광역시,울주군,U,2.051055873412699,,2016,D
68,1fbe8f642c1b6c23100534c9ef006089,2016-04-22 16:09:51,68,,,-0.6256300766289765,0,702.0,0,59.25,2,0.0,-15.2,1,울산광역시,울주군,U,2.051055873412699,,2016,D
69,1fbe8f642c1b6c23100534c9ef006089,2016-04-22 16:09:51,69,,,-0.6256300766289765,0,703.0,0,59.25,2,0.0,-15.1,1,울산광역시,울주군,U,2.051055873412699,,2016,D
70,1fbe8f642c1b6c23100534c9ef006089,2016-04-22 16:09:51,70,,,-0.5027227738322819,0,712.5,0,59.25,2,0.0,-15.0,1,울산광역시,울주군,U,2.051055873412699,,2016,D
71,1fbe8f642c1b6c23100534c9ef006089,2016-04-22 16:09:51,71,,,-0.6256300766289765,0,713.0,0,59.25,2,0.0,-15.2,1,울산광역시,울주군,U,2.051055873412699,,2016,D
72,1fbe8f642c1b6c23100534c9ef006089,2016-04-22 16:09:51,72,,,-0.5027227738322819,0,704.5,0,60.0,2,0.0,-15.0,1,울산광역시,울주군,U,2.051055873412699,,2016,D
73,1fbe8f642c1b6c23100534c9ef006089,2016-04-22 16:09:51,73,,,-0.5027227738322819,0,717.0,0,60.0,2,0.0,-15.4,1,울산광역시,울주군,U,2.051055873412699,,2016,D
74,1fbe8f642c1b6c23100534c9ef006089,2016-04-22 16:09:51,74,,,-0.5027227738322819,0,712.5,0,60.0,2,0.0,-15.7,1,울산광역시,울주군,U,2.051055873412699,,2016,D
75,1fbe8f642c1b6c23100534c9ef006089,2016-04-22 16:09:51,75,,,-0.5027227738322819,0,714.0,0,60.0,2,0.0,-15.7,1,울산광역시,울주군,U,2.051055873412699,,2016,D
76,1fbe8f642c1b6c23100534c9ef006089,2016-04-22 16:09:51,76,,,-0.5027227738322819,0,716.0,0,60.0,2,0.0,-14.1,1,울산광역시,울주군,U,2.051055873412699,,2016,D
77,1fbe8f642c1b6c23100534c9ef006089,2016-04-22 16:09:51,77,,,-0.6529428105837976,0,715.0,0,60.0,2,0.0,-6.1000000000000005,1,울산광역시,울주군,U,2.051055873412699,,2016,D
78,1fbe8f642c1b6c23100534c9ef006089,2016-04-22 16:09:51,78,,,-0.6529428105837976,0,713.0,0,60.0,2,0.0,-6.0,1,울산광역시,울주군,U,2.051055873412699,,2016,D
79,1fbe8f642c1b6c23100534c9ef006089,2016-04-22 16:09:51,79,,,-0.5027227738322819,0,702.0,0,60.75,1,0.0,-5.300000000000002,1,울산광역시,울주군,U,2.051055873412699,,2016,D
80,1fbe8f642c1b6c23100534c9ef006089,2016-04-22 16:09:51,80,,,-0.4754100398774608,0,733.0,0,60.75,1,0.0,-136.70000000000002,1,울산광역시,울주군,U,2.051055873412699,,2016,D
81,1fbe8f642c1b6c23100534c9ef006089,2016-04-22 16:09:51,81,,,-0.07937539753255586,1,1279.0,0,60.75,1,14.0616,-455.1,1,울산광역시,울주군,U,2.051055873412699,,2016,D
82,1fbe8f642c1b6c23100534c9ef006089,2016-04-22 16:09:51,82,,,0.15278284108342285,5,1572.5,0,60.75,1,15.624,-420.0,1,울산광역시,울주군,U,2.051055873412699,,2016,D
83,1fbe8f642c1b6c23100534c9ef006089,2016-04-22 16:09:51,83,,,0.6990375201798437,10,2090.0,0,60.75,1,20.7018,-266.0,1,울산광역시,울주군,U,2.051055873412699,,2016,D
84,1fbe8f642c1b6c23100534c9ef006089,2016-04-22 16:09:51,84,,,1.2452921992762642,14,2034.5,0,60.75,1,29.6856,-109.2,1,울산광역시,울주군,U,2.051055873412699,,2016,D
85,1fbe8f642c1b6c23100534c9ef006089,2016-04-22 16:09:51,85,,,1.3408867681181378,19,1986.5,0,60.75,1,35.154,-42.1,1,울산광역시,울주군,U,2.051055873412699,,2016,D
86,1fbe8f642c1b6c23100534c9ef006089,2016-04-22 16:09:51,86,,,2.488021594220621,28,2477.5,0,61.5,1,43.3566,-19.0,2,울산광역시,울주군,U,2.051055873412699,,2016,D
87,1fbe8f642c1b6c23100534c9ef006089,2016-04-22 16:09:51,87,,,3.2118090440233784,34,2950.5,0,61.5,1,42.5754,-2.7,2,울산광역시,울주군,U,2.051055873412699,,2016,D
88,1fbe8f642c1b6c23100534c9ef006089,2016-04-22 16:09:51,88,,,3.0615890072718632,41,3356.5,0,61.5,1,30.8574,-1.5,2,울산광역시,울주군,U,2.051055873412699,,2016,D
89,1fbe8f642c1b6c23100534c9ef006089,2016-04-22 16:09:51,89,,,0.9311957587958224,45,2448.0,0,61.5,1,0.0,-1.5,3,울산광역시,울주군,U,2.051055873412699,,2016,D
90,1fbe8f642c1b6c23100534c9ef006089,2016-04-22 16:09:51,90,2.3259999998970216e-05,-0.0012670000000127855,-0.3934718380129977,46,2013.5,0,62.25,1,0.0,-1.0,3,울산광역시,울주군,U,1.5483172652884636,0.00137616473558045,2016,D
91,1fbe8f642c1b6c23100534c9ef006089,2016-04-22 16:09:51,91,,,-0.4207845719678188,46,1685.0,0,62.25,2,0.0,-1.0,4,울산광역시,울주군,U,1.5483172652884636,0.00137616473558045,2016,D
92,1fbe8f642c1b6c23100534c9ef006089,2016-04-22 16:09:51,92,,,-0.7075682784934396,43,1632.0,0,62.25,2,0.0,-0.5,4,울산광역시,울주군,U,1.5483172652884636,0.00137616473558045,2016,D
93,1fbe8f642c1b6c23100534c9ef006089,2016-04-22 16:09:51,93,,,-0.8441319482675448,40,1492.0,0,63.0,2,0.0,0.0,4,울산광역시,울주군,U,1.5483172652884636,0.00137616473558045,2016,D
94,1fbe8f642c1b6c23100534c9ef006089,2016-04-22 16:09:51,94,,,-0.8441319482675448,33,1165.5,0,63.0,2,0.0,51.0,4,울산광역시,울주군,U,1.5483172652884636,0.00137616473558045,2016,D
95,1fbe8f642c1b6c23100534c9ef006089,2016-04-22 16:09:51,95,,,-0.8441319482675448,26,1096.5,0,63.0,2,0.0,177.20000000000005,3,울산광역시,울주군,U,1.5483172652884636,0.00137616473558045,2016,D
96,1fbe8f642c1b6c23100534c9ef006089,2016-04-22 16:09:51,96,,,-0.5573482417419239,20,927.5,0,63.75,2,0.0,283.3,3,울산광역시,울주군,U,1.5483172652884636,0.00137616473558045,2016,D
97,1fbe8f642c1b6c23100534c9ef006089,2016-04-22 16:09:51,97,,,-0.6256300766289765,19,901.5,0,63.75,1,0.0,197.0,3,울산광역시,울주군,U,1.5483172652884636,0.00137616473558045,2016,D
98,1fbe8f642c1b6c23100534c9ef006089,2016-04-22 16:09:51,98,,,-0.10668813148737692,18,1285.5,0,64.5,1,28.1232,31.8,3,울산광역시,울주군,U,1.5483172652884636,0.00137616473558045,2016,D
99,1fbe8f642c1b6c23100534c9ef006089,2016-04-22 16:09:51,99,,,1.7096086765082217,20,2128.5,0,64.5,1,0.0,17.7,3,울산광역시,울주군,U,1.5483172652884636,0.00137616473558045,2016,D
100,1fbe8f642c1b6c23100534c9ef006089,2016-04-22 16:09:51,100,,,-0.3934718380129977,24,1392.0,0,64.5,2,0.0,-13.0,3,울산광역시,울주군,U,1.5483172652884636,0.00137616473558045,2016,D
101,1fbe8f642c1b6c23100534c9ef006089,2016-04-22 16:09:51,101,,,-0.4207845719678188,24,1263.0,0,64.5,2,0.0,-7.2,3,울산광역시,울주군,U,1.5483172652884636,0.00137616473558045,2016,D
102,1fbe8f642c1b6c23100534c9ef006089,2016-04-22 16:09:51,102,,,-0.6256300766289765,20,1059.5,0,65.25,2,0.0,2.2,3,울산광역시,울주군,U,1.5483172652884636,0.00137616473558045,2016,D
103,1fbe8f642c1b6c23100534c9ef006089,2016-04-22 16:09:51,103,,,-0.5983173426741555,17,872.5,0,65.25,2,0.0,-8.5,3,울산광역시,울주군,U,1.5483172652884636,0.00137616473558045,2016,D
104,1fbe8f642c1b6c23100534c9ef006089,2016-04-22 16:09:51,104,,,-0.530035507787103,13,807.5,0,65.25,2,0.0,-109.1,3,울산광역시,울주군,U,1.5483172652884636,0.00137616473558045,2016,D
105,1fbe8f642c1b6c23100534c9ef006089,2016-04-22 16:09:51,105,,,-0.5027227738322819,9,804.5,0,65.25,2,0.0,-214.4,3,울산광역시,울주군,U,1.5483172652884636,0.00137616473558045,2016,D
106,1fbe8f642c1b6c23100534c9ef006089,2016-04-22 16:09:51,106,,,-0.5573482417419239,8,742.0,0,65.25,2,0.0,-241.7,3,울산광역시,울주군,U,1.5483172652884636,0.00137616473558045,2016,D
107,1fbe8f642c1b6c23100534c9ef006089,2016-04-22 16:09:51,107,,,-0.6529428105837976,6,735.5,0,65.25,2,0.0,-337.5,1,울산광역시,울주군,U,1.5483172652884636,0.00137616473558045,2016,D
108,1fbe8f642c1b6c23100534c9ef006089,2016-04-22 16:09:51,108,,,-0.6256300766289765,1,727.0,0,66.0,2,0.0,-367.1,1,울산광역시,울주군,U,1.5483172652884636,0.00137616473558045,2016,D
109,1fbe8f642c1b6c23100534c9ef006089,2016-04-22 16:09:51,109,,,-0.5027227738322819,0,698.0,0,66.0,2,0.0,-364.8,1,울산광역시,울주군,U,1.5483172652884636,0.00137616473558045,2016,D
110,1fbe8f642c1b6c23100534c9ef006089,2016-04-22 16:09:51,110,,,-0.5027227738322819,0,755.5,0,66.0,1,0.0,-334.0,1,울산광역시,울주군,U,1.5483172652884636,0.00137616473558045,2016,D
111,1fbe8f642c1b6c23100534c9ef006089,2016-04-22 16:09:51,111,,,0.4668792815638648,3,1796.0,0,66.0,1,19.1394,-126.7,1,울산광역시,울주군,U,1.5483172652884636,0.00137616473558045,2016,D
112,1fbe8f642c1b6c23100534c9ef006089,2016-04-22 16:09:51,112,,,0.8219448229765381,9,2067.5,0,66.0,1,17.1864,-145.9,1,울산광역시,울주군,U,1.5483172652884636,0.00137616473558045,2016,D
113,1fbe8f642c1b6c23100534c9ef006089,2016-04-22 16:09:51,113,,,0.5078483824960964,16,1898.0,0,66.75,1,19.1394,-120.7,1,울산광역시,울주군,U,1.5483172652884636,0.00137616473558045,2016,D
114,1fbe8f642c1b6c23100534c9ef006089,2016-04-22 16:09:51,114,,,0.7263502541346647,20,1885.5,0,66.75,1,20.7018,-17.2,2,울산광역시,울주군,U,1.5483172652884636,0.00137616473558045,2016,D
115,1fbe8f642c1b6c23100534c9ef006089,2016-04-22 16:09:51,115,,,0.7946320890217171,24,1752.5,0,66.75,1,22.6548,22.6,2,울산광역시,울주군,U,1.5483172652884636,0.00137616473558045,2016,D
116,1fbe8f642c1b6c23100534c9ef006089,2016-04-22 16:09:51,116,,,0.9585084927506434,28,1709.5,0,66.75,1,24.6078,-7.6,3,울산광역시,울주군,U,1.5483172652884636,0.00137616473558045,2016,D
117,1fbe8f642c1b6c23100534c9ef006089,2016-04-22 16:09:51,117,,,0.1800955750382439,32,1816.5,0,66.75,1,0.0,-31.9,3,울산광역시,울주군,U,1.5483172652884636,0.00137616473558045,2016,D
118,1fbe8f642c1b6c23100534c9ef006089,2016-04-22 16:09:51,118,,,-0.3934718380129977,33,1443.0,0,66.75,2,0.0,-30.6,3,울산광역시,울주군,U,1.5483172652884636,0.00137616473558045,2016,D
119,1fbe8f642c1b6c23100534c9ef006089,2016-04-22 16:09:51,119,,,-0.4754100398774608,32,1259.5,0,66.75,2,0.0,35.9,4,울산광역시,울주군,U,1.5483172652884636,0.00137616473558045,2016,D
120,1fbe8f642c1b6c23100534c9ef006089,2016-04-22 16:09:51,120,0.001140149999997675,-0.004052099999995562,-0.3934718380129977,32,1260.5,0,67.5,1,17.9676,60.0,4,울산광역시,울주군,U,1.7166587997435885,,2016,D
121,1fbe8f642c1b6c23100534c9ef006089,2016-04-22 16:09:51,121,,,0.5078483824960964,33,1401.0,0,67.5,1,23.436,52.3,4,울산광역시,울주군,U,1.7166587997435885,,2016,D
122,1fbe8f642c1b6c23100534c9ef006089,2016-04-22 16:09:51,122,,,0.1800955750382439,35,1415.5,0,67.5,1,7.812,13.0,4,울산광역시,울주군,U,1.7166587997435885,,2016,D
123,1fbe8f642c1b6c23100534c9ef006089,2016-04-22 16:09:51,123,,,0.6717247862250225,36,1492.5,0,67.5,1,23.8266,4.0,4,울산광역시,울주군,U,1.7166587997435885,,2016,D
124,1fbe8f642c1b6c23100534c9ef006089,2016-04-22 16:09:51,124,,,1.2179794653214429,39,1594.5,0,68.25,1,22.6548,-0.2,4,울산광역시,울주군,U,1.7166587997435885,,2016,D
125,1fbe8f642c1b6c23100534c9ef006089,2016-04-22 16:09:51,125,,,1.0814157955473382,42,1723.0,0,68.25,1,20.7018,-24.9,4,울산광역시,울주군,U,1.7166587997435885,,2016,D
126,1fbe8f642c1b6c23100534c9ef006089,2016-04-22 16:09:51,126,,,0.9038830248410012,44,1824.5,0,68.25,1,19.9206,-24.0,4,울산광역시,울주군,U,1.7166587997435885,,2016,D
127,1fbe8f642c1b6c23100534c9ef006089,2016-04-22 16:09:51,127,,,0.6990375201798437,47,1763.5,0,69.0,1,0.0,-15.5,4,울산광역시,울주군,U,1.7166587997435885,,2016,D
128,1fbe8f642c1b6c23100534c9ef006089,2016-04-22 16:09:51,128,,,-0.6529428105837976,47,1327.5,0,69.0,1,0.0,-4.5,5,울산광역시,울주군,U,1.7166587997435885,,2016,D
129,1fbe8f642c1b6c23100534c9ef006089,2016-04-22 16:09:51,129,,,-0.8441319482675448,46,1275.0,0,69.0,2,0.0,-0.6000000000000001,5,울산광역시,울주군,U,1.7166587997435885,,2016,D
130,1fbe8f642c1b6c23100534c9ef006089,2016-04-22 16:09:51,130,,,-0.8441319482675448,43,1677.0,0,69.0,1,0.0,-8.0,5,울산광역시,울주군,U,1.7166587997435885,,2016,D
131,1fbe8f642c1b6c23100534c9ef006089,2016-04-22 16:09:51,131,,,0.09815737317378093,42,1782.5,0,69.75,1,20.7018,-13.6,4,울산광역시,울주군,U,1.7166587997435885,,2016,D
132,1fbe8f642c1b6c23100534c9ef006089,2016-04-22 16:09:51,132,,,1.054103061592517,42,1772.5,0,69.75,1,20.7018,3.7,4,울산광역시,울주군,U,1.7166587997435885,,2016,D
133,1fbe8f642c1b6c23100534c9ef006089,2016-04-22 16:09:51,133,,,-0.4480973059226397,43,1696.5,0,69.75,2,0.0,7.6,4,울산광역시,울주군,U,1.7166587997435885,,2016,D
134,1fbe8f642c1b6c23100534c9ef006089,2016-04-22 16:09:51,134,,,-0.4754100398774608,41,1609.5,0,70.5,1,21.483,9.8,4,울산광역시,울주군,U,1.7166587997435885,,2016,D
135,1fbe8f642c1b6c23100534c9ef006089,2016-04-22 16:09:51,135,,,1.163353997411801,42,1793.5,0,70.5,1,30.4668,6.1000000000000005,4,울산광역시,울주군,U,1.7166587997435885,,2016,D
136,1fbe8f642c1b6c23100534c9ef006089,2016-04-22 16:09:51,136,,,1.450137703937422,45,1867.5,0,70.5,1,39.8412,-0.2,4,울산광역시,울주군,U,1.7166587997435885,,2016,D
137,1fbe8f642c1b6c23100534c9ef006089,2016-04-22 16:09:51,137,,,1.450137703937422,48,1976.5,0,70.5,1,32.8104,-6.5,4,울산광역시,울주군,U,1.7166587997435885,,2016,D
138,1fbe8f642c1b6c23100534c9ef006089,2016-04-22 16:09:51,138,,,1.39551223602778,51,2090.5,0,70.5,1,15.2334,-0.6000000000000001,4,울산광역시,울주군,U,1.7166587997435885,,2016,D
139,1fbe8f642c1b6c23100534c9ef006089,2016-04-22 16:09:51,139,,,-0.4754100398774608,52,1745.0,0,71.25,2,0.0,-0.2,4,울산광역시,울주군,U,1.7166587997435885,,2016,D
140,1fbe8f642c1b6c23100534c9ef006089,2016-04-22 16:09:51,140,,,-0.4754100398774608,51,1403.5,0,71.25,2,0.0,-2.4000000000000004,5,울산광역시,울주군,U,1.7166587997435885,,2016,D
141,1fbe8f642c1b6c23100534c9ef006089,2016-04-22 16:09:51,141,,,-0.7621937464030817,48,1323.5,0,71.25,1,0.0,-6.9,5,울산광역시,울주군,U,1.7166587997435885,,2016,D
142,1fbe8f642c1b6c23100534c9ef006089,2016-04-22 16:09:51,142,,,0.8492575569313593,47,1483.5,0,72.0,1,0.0,-0.2,5,울산광역시,울주군,U,1.7166587997435885,,2016,D
143,1fbe8f642c1b6c23100534c9ef006089,2016-04-22 16:09:51,143,,,0.4395665476090437,47,1630.5,0,72.0,1,22.2642,0.30000000000000004,5,울산광역시,울주군,U,1.7166587997435885,,2016,D
144,1fbe8f642c1b6c23100534c9ef006089,2016-04-22 16:09:51,144,,,-0.2978772691711241,47,1330.5,0,72.0,2,0.0,1.8,5,울산광역시,울주군,U,1.7166587997435885,,2016,D
145,1fbe8f642c1b6c23100534c9ef006089,2016-04-22 16:09:51,145,,,-0.8441319482675448,44,1213.5,0,72.75,2,0.0,6.4,5,울산광역시,울주군,U,1.7166587997435885,,2016,D
146,1fbe8f642c1b6c23100534c9ef006089,2016-04-22 16:09:51,146,,,-0.8441319482675448,40,1489.5,0,72.75,2,0.0,5.1000000000000005,4,울산광역시,울주군,U,1.7166587997435885,,2016,D
147,1fbe8f642c1b6c23100534c9ef006089,2016-04-22 16:09:51,147,,,-0.8441319482675448,34,1235.5,0,72.75,2,0.0,15.5,4,울산광역시,울주군,U,1.7166587997435885,,2016,D
148,1fbe8f642c1b6c23100534c9ef006089,2016-04-22 16:09:51,148,,,-0.8441319482675448,29,1425.5,0,72.75,1,9.3744,35.5,3,울산광역시,울주군,U,1.7166587997435885,,2016,D
149,1fbe8f642c1b6c23100534c9ef006089,2016-04-22 16:09:51,149,,,1.2452921992762642,28,1662.0,0,73.5,1,19.53,32.6,3,울산광역시,울주군,U,1.7166587997435885,,2016,D
150,1fbe8f642c1b6c23100534c9ef006089,2016-04-22 16:09:51,150,0.0005418100000014191,-0.0032233999999959906,0.0435319052641388,30,1602.5,0,73.5,1,16.0146,5.1000000000000005,3,울산광역시,울주군,U,-2.3987432563333284,,2016,D
151,1fbe8f642c1b6c23100534c9ef006089,2016-04-22 16:09:51,151,,,0.6444120522702015,31,1682.0,0,73.5,1,12.4992,-15.4,3,울산광역시,울주군,U,-2.3987432563333284,,2016,D
152,1fbe8f642c1b6c23100534c9ef006089,2016-04-22 16:09:51,152,,,-0.3934718380129977,32,1325.0,0,73.5,2,0.0,-4.800000000000002,3,울산광역시,울주군,U,-2.3987432563333284,,2016,D
153,1fbe8f642c1b6c23100534c9ef006089,2016-04-22 16:09:51,153,,,-0.6256300766289765,30,1162.0,0,73.5,2,0.0,-2.1,4,울산광역시,울주군,U,-2.3987432563333284,,2016,D
154,1fbe8f642c1b6c23100534c9ef006089,2016-04-22 16:09:51,154,,,-0.6529428105837976,28,1083.5,0,74.25,1,0.0,-1.3,4,울산광역시,울주군,U,-2.3987432563333284,,2016,D
155,1fbe8f642c1b6c23100534c9ef006089,2016-04-22 16:09:51,155,,,0.7673193550668963,27,1233.5,0,74.25,1,24.2172,-5.0,4,울산광역시,울주군,U,-2.3987432563333284,,2016,D
156,1fbe8f642c1b6c23100534c9ef006089,2016-04-22 16:09:51,156,,,0.4668792815638648,29,1287.0,0,74.25,1,31.6386,-12.0,4,울산광역시,울주군,U,-2.3987432563333284,,2016,D
157,1fbe8f642c1b6c23100534c9ef006089,2016-04-22 16:09:51,157,,,0.5624738504057385,32,1359.5,0,74.25,1,31.6386,-16.6,4,울산광역시,울주군,U,-2.3987432563333284,,2016,D
158,1fbe8f642c1b6c23100534c9ef006089,2016-04-22 16:09:51,158,,,0.3030028778349387,35,1435.0,0,74.25,1,0.0,0.2,4,울산광역시,울주군,U,-2.3987432563333284,,2016,D
159,1fbe8f642c1b6c23100534c9ef006089,2016-04-22 16:09:51,159,,,-0.5027227738322819,36,1421.5,0,74.25,1,10.1556,6.9,4,울산광역시,울주군,U,-2.3987432563333284,,2016,D
160,1fbe8f642c1b6c23100534c9ef006089,2016-04-22 16:09:51,160,,,0.5078483824960964,36,1556.5,0,74.25,1,26.9514,-10.1,4,울산광역시,울주군,U,-2.3987432563333284,,2016,D
161,1fbe8f642c1b6c23100534c9ef006089,2016-04-22 16:09:51,161,,,0.8219448229765381,38,1594.0,0,75.0,1,35.9352,-13.3,4,울산광역시,울주군,U,-2.3987432563333284,,2016,D
162,1fbe8f642c1b6c23100534c9ef006089,2016-04-22 16:09:51,162,,,1.0814157955473382,41,1691.0,0,75.0,1,37.107,-10.5,4,울산광역시,울주군,U,-2.3987432563333284,,2016,D
163,1fbe8f642c1b6c23100534c9ef006089,2016-04-22 16:09:51,163,,,1.368199502072959,44,1822.5,0,75.0,1,38.6694,-2.1,4,울산광역시,울주군,U,-2.3987432563333284,,2016,D
164,1fbe8f642c1b6c23100534c9ef006089,2016-04-22 16:09:51,164,,,-0.4754100398774608,46,1811.5,0,75.0,2,0.0,-10.5,4,울산광역시,울주군,U,-2.3987432563333284,,2016,D
165,1fbe8f642c1b6c23100534c9ef006089,2016-04-22 16:09:51,165,,,-0.8441319482675448,44,1653.5,0,75.0,2,0.0,0.30000000000000004,4,울산광역시,울주군,U,-2.3987432563333284,,2016,D
166,1fbe8f642c1b6c23100534c9ef006089,2016-04-22 16:09:51,166,,,-0.8441319482675448,39,1440.5,0,75.75,2,0.0,-10.2,4,울산광역시,울주군,U,-2.3987432563333284,,2016,D
167,1fbe8f642c1b6c23100534c9ef006089,2016-04-22 16:09:51,167,,,-0.8441319482675448,33,1208.5,0,75.75,1,0.0,-10.6,4,울산광역시,울주군,U,-2.3987432563333284,,2016,D
168,1fbe8f642c1b6c23100534c9ef006089,2016-04-22 16:09:51,168,,,1.6276704746437585,32,1915.5,0,75.75,1,34.3728,-21.3,3,울산광역시,울주군,U,-2.3987432563333284,,2016,D
169,1fbe8f642c1b6c23100534c9ef006089,2016-04-22 16:09:51,169,,,1.8598287132597373,35,2099.5,0,75.75,1,35.5446,-12.3,3,울산광역시,울주군,U,-2.3987432563333284,,2016,D
170,1fbe8f642c1b6c23100534c9ef006089,2016-04-22 16:09:51,170,,,1.818859612327506,39,2249.0,0,76.5,1,3.5154,-2.1,3,울산광역시,울주군,U,-2.3987432563333284,,2016,D
171,1fbe8f642c1b6c23100534c9ef006089,2016-04-22 16:09:51,171,,,-0.3251900031259452,42,2153.5,0,76.5,2,0.0,-2.1,3,울산광역시,울주군,U,-2.3987432563333284,,2016,D
172,1fbe8f642c1b6c23100534c9ef006089,2016-04-22 16:09:51,172,,,-0.5027227738322819,39,1483.0,0,76.5,2,0.0,-0.4,4,울산광역시,울주군,U,-2.3987432563333284,,2016,D
173,1fbe8f642c1b6c23100534c9ef006089,2016-04-22 16:09:51,173,,,0.9175393918184118,38,1721.5,0,76.5,1,26.5608,3.5,4,울산광역시,울주군,U,-2.3987432563333284,,2016,D
174,1fbe8f642c1b6c23100534c9ef006089,2016-04-22 16:09:51,174,,,0.8082884559991277,40,1676.0,0,76.5,1,27.342,-2.1,4,울산광역시,울주군,U,-2.3987432563333284,,2016,D
175,1fbe8f642c1b6c23100534c9ef006089,2016-04-22 16:09:51,175,,,0.4805356485412754,43,1751.5,0,76.5,1,5.859,-2.9000000000000004,4,울산광역시,울주군,U,-2.3987432563333284,,2016,D
176,1fbe8f642c1b6c23100534c9ef006089,2016-04-22 16:09:51,176,,,0.07084463921895988,44,1857.0,0,77.25,1,0.0,0.1,4,울산광역시,울주군,U,-2.3987432563333284,,2016,D
177,1fbe8f642c1b6c23100534c9ef006089,2016-04-22 16:09:51,177,,,-0.7621937464030817,44,1575.5,0,77.25,1,0.0,-1.4,4,울산광역시,울주군,U,-2.3987432563333284,,2016,D
178,1fbe8f642c1b6c23100534c9ef006089,2016-04-22 16:09:51,178,,,-0.4754100398774608,41,1589.5,0,77.25,1,11.3274,-9.3,4,울산광역시,울주군,U,-2.3987432563333284,,2016,D
179,1fbe8f642c1b6c23100534c9ef006089,2016-04-22 16:09:51,179,,,0.7126938871572541,41,1682.0,0,77.25,1,0.0,-2.0,4,울산광역시,울주군,U,-2.3987432563333284,,2016,D
180,1fbe8f642c1b6c23100534c9ef006089,2016-04-22 16:09:51,180,-0.0009074000000026672,-0.003270900000018173,-0.530035507787103,41,1564.5,0,77.25,2,0.0,-10.1,4,울산광역시,울주군,U,-0.023989232176470414,0.0013761647355765385,2016,D
181,1fbe8f642c1b6c23100534c9ef006089,2016-04-22 16:09:51,181,,,-0.8441319482675448,39,1547.0,0,78.0,2,0.0,-31.3,4,울산광역시,울주군,U,-0.023989232176470414,0.0013761647355765385,2016,D
182,1fbe8f642c1b6c23100534c9ef006089,2016-04-22 16:09:51,182,,,-0.8441319482675448,38,1475.0,0,78.0,2,0.0,-19.700000000000006,4,울산광역시,울주군,U,-0.023989232176470414,0.0013761647355765385,2016,D
183,1fbe8f642c1b6c23100534c9ef006089,2016-04-22 16:09:51,183,,,-0.8441319482675448,35,1307.5,0,78.0,2,0.0,-5.6000000000000005,4,울산광역시,울주군,U,-0.023989232176470414,0.0013761647355765385,2016,D
184,1fbe8f642c1b6c23100534c9ef006089,2016-04-22 16:09:51,184,,,-0.8441319482675448,28,1251.0,0,78.0,2,0.0,-7.7,4,울산광역시,울주군,U,-0.023989232176470414,0.0013761647355765385,2016,D
185,1fbe8f642c1b6c23100534c9ef006089,2016-04-22 16:09:51,185,,,-0.8441319482675448,22,1060.5,0,78.0,1,0.0,-2.1,3,울산광역시,울주군,U,-0.023989232176470414,0.0013761647355765385,2016,D
186,1fbe8f642c1b6c23100534c9ef006089,2016-04-22 16:09:51,186,,,-0.530035507787103,20,894.0,0,78.0,1,7.0308,33.6,3,울산광역시,울주군,U,-0.023989232176470414,0.0013761647355765385,2016,D
187,1fbe8f642c1b6c23100534c9ef006089,2016-04-22 16:09:51,187,,,-0.530035507787103,19,1009.5,0,78.0,2,0.0,149.3,3,울산광역시,울주군,U,-0.023989232176470414,0.0013761647355765385,2016,D
188,1fbe8f642c1b6c23100534c9ef006089,2016-04-22 16:09:51,188,,,-0.5573482417419239,17,835.0,0,78.0,2,0.0,339.9000000000001,3,울산광역시,울주군,U,-0.023989232176470414,0.0013761647355765385,2016,D
189,1fbe8f642c1b6c23100534c9ef006089,2016-04-22 16:09:51,189,,,-0.530035507787103,16,889.0,0,78.75,1,3.906,193.1,3,울산광역시,울주군,U,-0.023989232176470414,0.0013761647355765385,2016,D
190,1fbe8f642c1b6c23100534c9ef006089,2016-04-22 16:09:51,190,,,0.5761302173831491,17,1680.5,0,78.75,1,21.8736,-12.2,3,울산광역시,울주군,U,-0.023989232176470414,0.0013761647355765385,2016,D
191,1fbe8f642c1b6c23100534c9ef006089,2016-04-22 16:09:51,191,,,1.586701373711527,23,2220.0,0,78.75,1,24.9984,-14.4,3,울산광역시,울주군,U,-0.023989232176470414,0.0013761647355765385,2016,D
192,1fbe8f642c1b6c23100534c9ef006089,2016-04-22 16:09:51,192,,,1.1223848964795695,30,2019.0,0,78.75,1,24.9984,-4.2,3,울산광역시,울주군,U,-0.023989232176470414,0.0013761647355765385,2016,D
193,1fbe8f642c1b6c23100534c9ef006089,2016-04-22 16:09:51,193,,,1.4091686030051904,37,2259.5,0,78.75,1,27.342,1.9,3,울산광역시,울주군,U,-0.023989232176470414,0.0013761647355765385,2016,D
194,1fbe8f642c1b6c23100534c9ef006089,2016-04-22 16:09:51,194,,,1.7096086765082217,42,1900.0,0,78.75,1,32.0292,3.7,3,울산광역시,울주군,U,-0.023989232176470414,0.0013761647355765385,2016,D
195,1fbe8f642c1b6c23100534c9ef006089,2016-04-22 16:09:51,195,,,1.7096086765082217,47,1995.0,0,78.75,1,33.201,-2.6,4,울산광역시,울주군,U,-0.023989232176470414,0.0013761647355765385,2016,D
196,1fbe8f642c1b6c23100534c9ef006089,2016-04-22 16:09:51,196,,,2.0510178509434844,51,2166.5,0,78.75,1,21.0924,-5.800000000000002,4,울산광역시,울주군,U,-0.023989232176470414,0.0013761647355765385,2016,D
197,1fbe8f642c1b6c23100534c9ef006089,2016-04-22 16:09:51,197,,,0.19375194201565446,54,1594.0,0,78.75,1,13.671,-5.0,4,울산광역시,울주군,U,-0.023989232176470414,0.0013761647355765385,2016,D
198,1fbe8f642c1b6c23100534c9ef006089,2016-04-22 16:09:51,198,,,0.6034429513379699,55,1702.0,0,78.75,1,23.8266,-4.3,5,울산광역시,울주군,U,-0.023989232176470414,0.0013761647355765385,2016,D
199,1fbe8f642c1b6c23100534c9ef006089,2016-04-22 16:09:51,199,,,1.3272304011407272,56,1678.0,0,78.75,1,25.7796,-5.300000000000002,5,울산광역시,울주군,U,-0.023989232176470414,0.0013761647355765385,2016,D
200,1fbe8f642c1b6c23100534c9ef006089,2016-04-22 16:09:51,200,,,1.4637940709148325,57,1645.5,0,78.75,1,39.06,-1.5,5,울산광역시,울주군,U,-0.023989232176470414,0.0013761647355765385,2016,D
201,1fbe8f642c1b6c23100534c9ef006089,2016-04-22 16:09:51,201,,,1.4637940709148325,58,1675.5,0,79.5,1,39.06,-2.9000000000000004,5,울산광역시,울주군,U,-0.023989232176470414,0.0013761647355765385,2016,D
202,1fbe8f642c1b6c23100534c9ef006089,2016-04-22 16:09:51,202,,,1.0677594285699277,60,1722.0,0,79.5,1,39.8412,-0.7000000000000001,5,울산광역시,울주군,U,-0.023989232176470414,0.0013761647355765385,2016,D
203,1fbe8f642c1b6c23100534c9ef006089,2016-04-22 16:09:51,203,,,1.3272304011407272,61,1763.5,0,79.5,1,39.8412,-1.5,5,울산광역시,울주군,U,-0.023989232176470414,0.0013761647355765385,2016,D
204,1fbe8f642c1b6c23100534c9ef006089,2016-04-22 16:09:51,204,,,1.2999176671859063,63,1820.0,0,79.5,1,38.2788,-1.5,5,울산광역시,울주군,U,-0.023989232176470414,0.0013761647355765385,2016,D
205,1fbe8f642c1b6c23100534c9ef006089,2016-04-22 16:09:51,205,,,-0.5027227738322819,64,1398.5,0,80.25,1,0.0,-0.5,5,울산광역시,울주군,U,-0.023989232176470414,0.0013761647355765385,2016,D
206,1fbe8f642c1b6c23100534c9ef006089,2016-04-22 16:09:51,206,,,-0.530035507787103,63,1368.0,0,80.25,2,0.0,-0.6000000000000001,6,울산광역시,울주군,U,-0.023989232176470414,0.0013761647355765385,2016,D
207,1fbe8f642c1b6c23100534c9ef006089,2016-04-22 16:09:51,207,,,-0.8441319482675448,60,1381.5,0,81.0,2,0.0,-1.8,6,울산광역시,울주군,U,-0.023989232176470414,0.0013761647355765385,2016,D
208,1fbe8f642c1b6c23100534c9ef006089,2016-04-22 16:09:51,208,,,-0.8441319482675448,55,1481.0,0,81.0,2,0.0,1.4,5,울산광역시,울주군,U,-0.023989232176470414,0.0013761647355765385,2016,D
209,1fbe8f642c1b6c23100534c9ef006089,2016-04-22 16:09:51,209,,,-0.8441319482675448,48,1268.0,0,81.0,2,0.0,0.0,5,울산광역시,울주군,U,-0.023989232176470414,0.0013761647355765385,2016,D
210,1fbe8f642c1b6c23100534c9ef006089,2016-04-22 16:09:51,210,0.0004909200000042802,-0.0029553999999905045,-0.8441319482675448,43,1619.0,0,81.0,2,0.0,-20.8,5,울산광역시,울주군,U,-4.236433993124999,,2016,D
211,1fbe8f642c1b6c23100534c9ef006089,2016-04-22 16:09:51,211,,,-0.5027227738322819,41,1665.5,0,81.0,1,17.9676,-21.4,4,울산광역시,울주군,U,-4.236433993124999,,2016,D
212,1fbe8f642c1b6c23100534c9ef006089,2016-04-22 16:09:51,212,,,0.972164859728054,42,1885.5,0,81.75,1,6.2496,-36.4,4,울산광역시,울주군,U,-4.236433993124999,,2016,D
213,1fbe8f642c1b6c23100534c9ef006089,2016-04-22 16:09:51,213,,,-0.4754100398774608,44,1793.0,0,81.75,1,6.6402,-31.6,4,울산광역시,울주군,U,-4.236433993124999,,2016,D
214,1fbe8f642c1b6c23100534c9ef006089,2016-04-22 16:09:51,214,,,-0.530035507787103,44,1688.0,0,81.75,1,0.0,-27.8,4,울산광역시,울주군,U,-4.236433993124999,,2016,D
215,1fbe8f642c1b6c23100534c9ef006089,2016-04-22 16:09:51,215,,,-0.8441319482675448,43,1649.5,0,81.75,2,0.0,3.5,4,울산광역시,울주군,U,-4.236433993124999,,2016,D
216,1fbe8f642c1b6c23100534c9ef006089,2016-04-22 16:09:51,216,,,-0.8441319482675448,39,1437.5,0,81.75,2,0.0,42.7,4,울산광역시,울주군,U,-4.236433993124999,,2016,D
217,1fbe8f642c1b6c23100534c9ef006089,2016-04-22 16:09:51,217,,,-0.8441319482675448,34,1281.5,0,81.75,2,0.0,24.0,4,울산광역시,울주군,U,-4.236433993124999,,2016,D
218,1fbe8f642c1b6c23100534c9ef006089,2016-04-22 16:09:51,218,,,-0.8441319482675448,30,1458.0,0,81.75,2,0.0,-14.7,3,울산광역시,울주군,U,-4.236433993124999,,2016,D
219,1fbe8f642c1b6c23100534c9ef006089,2016-04-22 16:09:51,219,,,-0.8441319482675448,25,1222.0,0,81.75,2,0.0,-52.2,3,울산광역시,울주군,U,-4.236433993124999,,2016,D
220,1fbe8f642c1b6c23100534c9ef006089,2016-04-22 16:09:51,220,,,-0.7075682784934396,22,1085.5,0,81.75,1,1.5624,-93.3,3,울산광역시,울주군,U,-4.236433993124999,,2016,D
221,1fbe8f642c1b6c23100534c9ef006089,2016-04-22 16:09:51,221,,,0.3985974466768122,20,1222.5,0,81.75,1,22.2642,-109.7,3,울산광역시,울주군,U,-4.236433993124999,,2016,D
222,1fbe8f642c1b6c23100534c9ef006089,2016-04-22 16:09:51,222,,,1.1770103643892114,24,1423.0,0,81.75,1,31.6386,-58.3,3,울산광역시,울주군,U,-4.236433993124999,,2016,D
223,1fbe8f642c1b6c23100534c9ef006089,2016-04-22 16:09:51,223,,,1.0404466946151063,28,1582.5,0,81.75,1,38.6694,-14.2,3,울산광역시,울주군,U,-4.236433993124999,,2016,D
224,1fbe8f642c1b6c23100534c9ef006089,2016-04-22 16:09:51,224,,,1.3545431350955484,32,1809.5,0,81.75,1,41.7942,-2.3000000000000003,3,울산광역시,울주군,U,-4.236433993124999,,2016,D
225,1fbe8f642c1b6c23100534c9ef006089,2016-04-22 16:09:51,225,,,1.7915468783726851,37,2053.0,0,81.75,1,43.3566,0.5,3,울산광역시,울주군,U,-4.236433993124999,,2016,D
226,1fbe8f642c1b6c23100534c9ef006089,2016-04-22 16:09:51,226,,,2.4060833923561584,41,2296.5,0,81.75,1,44.1378,0.6000000000000001,3,울산광역시,울주군,U,-4.236433993124999,,2016,D
227,1fbe8f642c1b6c23100534c9ef006089,2016-04-22 16:09:51,227,,,2.8977126035429372,46,2519.5,0,81.75,1,44.1378,-0.6000000000000001,3,울산광역시,울주군,U,-4.236433993124999,,2016,D
228,1fbe8f642c1b6c23100534c9ef006089,2016-04-22 16:09:51,228,,,0.2210646759704755,50,2654.0,0,81.75,1,0.0,-4.0,3,울산광역시,울주군,U,-4.236433993124999,,2016,D
229,1fbe8f642c1b6c23100534c9ef006089,2016-04-22 16:09:51,229,,,-0.4754100398774608,51,1907.0,0,81.75,2,0.0,-3.9,4,울산광역시,울주군,U,-4.236433993124999,,2016,D
230,1fbe8f642c1b6c23100534c9ef006089,2016-04-22 16:09:51,230,,,-0.530035507787103,49,1444.5,0,81.75,2,0.0,-5.0,4,울산광역시,울주군,U,-4.236433993124999,,2016,D
231,1fbe8f642c1b6c23100534c9ef006089,2016-04-22 16:09:51,231,,,-0.5027227738322819,46,1256.0,0,82.5,2,0.0,-7.4,5,울산광역시,울주군,U,-4.236433993124999,,2016,D
232,1fbe8f642c1b6c23100534c9ef006089,2016-04-22 16:09:51,232,,,-0.5573482417419239,43,1168.5,0,82.5,2,0.0,-3.4000000000000004,5,울산광역시,울주군,U,-4.236433993124999,,2016,D
233,1fbe8f642c1b6c23100534c9ef006089,2016-04-22 16:09:51,233,,,-0.6529428105837976,38,1008.5,0,82.5,2,0.0,1.0,5,울산광역시,울주군,U,-4.236433993124999,,2016,D
234,1fbe8f642c1b6c23100534c9ef006089,2016-04-22 16:09:51,234,,,-0.6256300766289765,31,856.0,0,82.5,2,0.0,-1.5,5,울산광역시,울주군,U,-4.236433993124999,,2016,D
235,1fbe8f642c1b6c23100534c9ef006089,2016-04-22 16:09:51,235,,,-0.6529428105837976,27,916.5,0,82.5,2,0.0,-6.300000000000002,4,울산광역시,울주군,U,-4.236433993124999,,2016,D
236,1fbe8f642c1b6c23100534c9ef006089,2016-04-22 16:09:51,236,,,-0.6529428105837976,24,854.5,0,83.25,2,0.0,-34.0,4,울산광역시,울주군,U,-4.236433993124999,,2016,D
237,1fbe8f642c1b6c23100534c9ef006089,2016-04-22 16:09:51,237,,,-0.6529428105837976,19,873.0,0,83.25,2,0.0,-81.9,3,울산광역시,울주군,U,-4.236433993124999,,2016,D
238,1fbe8f642c1b6c23100534c9ef006089,2016-04-22 16:09:51,238,,,-0.7075682784934396,17,834.5,0,83.25,2,0.0,-79.10000000000002,3,울산광역시,울주군,U,-4.236433993124999,,2016,D
239,1fbe8f642c1b6c23100534c9ef006089,2016-04-22 16:09:51,239,,,-0.6529428105837976,14,750.0,0,83.25,2,0.0,-22.3,3,울산광역시,울주군,U,-4.236433993124999,,2016,D
240,1fbe8f642c1b6c23100534c9ef006089,2016-04-22 16:09:51,240,0.0010296299999978944,-0.0016067999999904714,-0.6529428105837976,10,780.0,0,83.25,2,0.0,44.0,3,울산광역시,울주군,U,0.9118927766197183,,2016,D
241,1fbe8f642c1b6c23100534c9ef006089,2016-04-22 16:09:51,241,,,-0.5573482417419239,6,732.5,0,83.25,2,0.0,59.7,3,울산광역시,울주군,U,0.9118927766197183,,2016,D
242,1fbe8f642c1b6c23100534c9ef006089,2016-04-22 16:09:51,242,,,-0.6529428105837976,3,733.0,0,83.25,2,0.0,69.7,1,울산광역시,울주군,U,0.9118927766197183,,2016,D
243,1fbe8f642c1b6c23100534c9ef006089,2016-04-22 16:09:51,243,,,-0.6529428105837976,2,711.0,0,84.0,2,0.0,76.10000000000002,1,울산광역시,울주군,U,0.9118927766197183,,2016,D
244,1fbe8f642c1b6c23100534c9ef006089,2016-04-22 16:09:51,244,,,-0.5027227738322819,2,845.5,0,84.0,1,8.5932,82.80000000000003,1,울산광역시,울주군,U,0.9118927766197183,,2016,D
245,1fbe8f642c1b6c23100534c9ef006089,2016-04-22 16:09:51,245,,,0.19375194201565446,4,1517.5,0,84.0,1,16.0146,147.4,1,울산광역시,울주군,U,0.9118927766197183,,2016,D
246,1fbe8f642c1b6c23100534c9ef006089,2016-04-22 16:09:51,246,,,-0.3525027370807661,9,1378.5,0,84.0,2,0.0,194.2,1,울산광역시,울주군,U,0.9118927766197183,,2016,D
247,1fbe8f642c1b6c23100534c9ef006089,2016-04-22 16:09:51,247,,,-0.5573482417419239,9,1171.5,0,84.0,1,7.812,144.6,1,울산광역시,울주군,U,0.9118927766197183,,2016,D
248,1fbe8f642c1b6c23100534c9ef006089,2016-04-22 16:09:51,248,,,0.4259101806316332,10,1877.0,0,84.0,1,23.0454,77.80000000000003,1,울산광역시,울주군,U,0.9118927766197183,,2016,D
249,1fbe8f642c1b6c23100534c9ef006089,2016-04-22 16:09:51,249,,,1.2452921992762642,15,2214.5,0,84.0,1,24.6078,62.2,1,울산광역시,울주군,U,0.9118927766197183,,2016,D
250,1fbe8f642c1b6c23100534c9ef006089,2016-04-22 16:09:51,250,,,1.1770103643892114,21,2003.0,0,84.0,1,24.6078,13.1,1,울산광역시,울주군,U,0.9118927766197183,,2016,D
251,1fbe8f642c1b6c23100534c9ef006089,2016-04-22 16:09:51,251,,,-0.03840629660032428,25,2056.0,0,84.75,1,3.906,-14.1,2,울산광역시,울주군,U,0.9118927766197183,,2016,D
252,1fbe8f642c1b6c23100534c9ef006089,2016-04-22 16:09:51,252,,,-0.3525027370807661,26,1544.0,0,84.75,1,11.3274,-67.9,3,울산광역시,울주군,U,0.9118927766197183,,2016,D
253,1fbe8f642c1b6c23100534c9ef006089,2016-04-22 16:09:51,253,,,1.3545431350955484,28,2245.0,0,84.75,1,25.7796,-46.8,3,울산광역시,울주군,U,0.9118927766197183,,2016,D
254,1fbe8f642c1b6c23100534c9ef006089,2016-04-22 16:09:51,254,,,1.5320759058018851,32,2093.0,0,84.75,1,15.2334,-18.8,3,울산광역시,울주군,U,0.9118927766197183,,2016,D
255,1fbe8f642c1b6c23100534c9ef006089,2016-04-22 16:09:51,255,,,-0.3525027370807661,36,1858.0,0,84.75,2,0.0,-5.300000000000002,3,울산광역시,울주군,U,0.9118927766197183,,2016,D
256,1fbe8f642c1b6c23100534c9ef006089,2016-04-22 16:09:51,256,,,-0.3934718380129977,35,1391.5,0,84.75,1,4.2966,2.9000000000000004,4,울산광역시,울주군,U,0.9118927766197183,,2016,D
257,1fbe8f642c1b6c23100534c9ef006089,2016-04-22 16:09:51,257,,,0.7400066211120752,35,1453.0,0,84.75,1,29.6856,1.2000000000000002,4,울산광역시,울주군,U,0.9118927766197183,,2016,D
258,1fbe8f642c1b6c23100534c9ef006089,2016-04-22 16:09:51,258,,,0.8356011899539487,36,1516.0,0,84.75,1,32.4198,-0.1,4,울산광역시,울주군,U,0.9118927766197183,,2016,D
259,1fbe8f642c1b6c23100534c9ef006089,2016-04-22 16:09:51,259,,,1.0677594285699277,40,1632.0,0,84.75,1,5.4684,-4.5,4,울산광역시,울주군,U,0.9118927766197183,,2016,D
260,1fbe8f642c1b6c23100534c9ef006089,2016-04-22 16:09:51,260,,,-0.3934718380129977,41,1648.0,0,84.75,2,0.0,-1.8,4,울산광역시,울주군,U,0.9118927766197183,,2016,D
261,1fbe8f642c1b6c23100534c9ef006089,2016-04-22 16:09:51,261,,,-0.8441319482675448,40,1529.5,0,84.75,2,0.0,-0.7000000000000001,4,울산광역시,울주군,U,0.9118927766197183,,2016,D
262,1fbe8f642c1b6c23100534c9ef006089,2016-04-22 16:09:51,262,,,-0.8441319482675448,36,1330.5,0,84.75,2,0.0,-0.4,4,울산광역시,울주군,U,0.9118927766197183,,2016,D
263,1fbe8f642c1b6c23100534c9ef006089,2016-04-22 16:09:51,263,,,-0.8441319482675448,29,1228.0,0,85.5,2,0.0,9.4,4,울산광역시,울주군,U,0.9118927766197183,,2016,D
264,1fbe8f642c1b6c23100534c9ef006089,2016-04-22 16:09:51,264,,,-0.8168192143127238,23,1170.5,0,85.5,1,12.8898,-2.8000000000000003,3,울산광역시,울주군,U,0.9118927766197183,,2016,D
265,1fbe8f642c1b6c23100534c9ef006089,2016-04-22 16:09:51,265,,,0.2756901438801176,22,1312.0,0,85.5,1,10.9368,-3.8,3,울산광역시,울주군,U,0.9118927766197183,,2016,D
266,1fbe8f642c1b6c23100534c9ef006089,2016-04-22 16:09:51,266,,,-0.5027227738322819,22,1228.0,0,85.5,2,0.0,1.1,3,울산광역시,울주군,U,0.9118927766197183,,2016,D
267,1fbe8f642c1b6c23100534c9ef006089,2016-04-22 16:09:51,267,,,-0.530035507787103,20,1034.5,0,85.5,2,0.0,-50.2,3,울산광역시,울주군,U,0.9118927766197183,,2016,D
268,1fbe8f642c1b6c23100534c9ef006089,2016-04-22 16:09:51,268,,,-0.5573482417419239,15,774.0,0,85.5,2,0.0,-242.8,3,울산광역시,울주군,U,0.9118927766197183,,2016,D
269,1fbe8f642c1b6c23100534c9ef006089,2016-04-22 16:09:51,269,,,-0.3934718380129977,12,1052.5,0,85.5,1,12.1086,-253.4,3,울산광역시,울주군,U,0.9118927766197183,,2016,D
270,1fbe8f642c1b6c23100534c9ef006089,2016-04-22 16:09:51,270,0.0003277699999983952,0.00032500000000368345,0.9175393918184118,13,1874.0,0,85.5,1,22.2642,-92.3,3,울산광역시,울주군,U,0.9118927766197183,,2016,D
271,1fbe8f642c1b6c23100534c9ef006089,2016-04-22 16:09:51,271,,,-0.0930317645099664,17,1502.5,0,86.25,1,0.0,-121.9,3,울산광역시,울주군,U,0.9118927766197183,,2016,D
272,1fbe8f642c1b6c23100534c9ef006089,2016-04-22 16:09:51,272,,,-0.6256300766289765,18,1074.5,0,86.25,2,0.0,-113.0,3,울산광역시,울주군,U,0.9118927766197183,,2016,D
273,1fbe8f642c1b6c23100534c9ef006089,2016-04-22 16:09:51,273,,,-0.5573482417419239,16,968.0,0,86.25,2,0.0,-119.6,3,울산광역시,울주군,U,0.9118927766197183,,2016,D
274,1fbe8f642c1b6c23100534c9ef006089,2016-04-22 16:09:51,274,,,-0.5573482417419239,14,884.5,0,86.25,2,0.0,-130.5,3,울산광역시,울주군,U,0.9118927766197183,,2016,D
275,1fbe8f642c1b6c23100534c9ef006089,2016-04-22 16:09:51,275,,,-0.6802555445386186,13,834.5,0,86.25,2,0.0,-131.70000000000002,3,울산광역시,울주군,U,0.9118927766197183,,2016,D
276,1fbe8f642c1b6c23100534c9ef006089,2016-04-22 16:09:51,276,,,-0.530035507787103,11,834.5,0,86.25,2,0.0,-97.1,3,울산광역시,울주군,U,0.9118927766197183,,2016,D
277,1fbe8f642c1b6c23100534c9ef006089,2016-04-22 16:09:51,277,,,-0.6529428105837976,9,809.0,0,86.25,2,0.0,-69.2,3,울산광역시,울주군,U,0.9118927766197183,,2016,D
278,1fbe8f642c1b6c23100534c9ef006089,2016-04-22 16:09:51,278,,,-0.6529428105837976,4,762.5,0,86.25,2,0.0,-45.90000000000001,1,울산광역시,울주군,U,0.9118927766197183,,2016,D
279,1fbe8f642c1b6c23100534c9ef006089,2016-04-22 16:09:51,279,,,-0.530035507787103,0,722.5,0,86.25,2,0.0,-74.10000000000002,0,울산광역시,울주군,U,0.9118927766197183,,2016,D
280,1fbe8f642c1b6c23100534c9ef006089,2016-04-22 16:09:51,280,,,-0.6802555445386186,0,647.5,0,86.25,2,0.0,-86.7,0,울산광역시,울주군,U,0.9118927766197183,,2016,D
281,1fbe8f642c1b6c23100534c9ef006089,2016-04-22 16:09:51,281,,,-0.6529428105837976,0,694.0,0,86.25,2,0.0,-197.0,14,울산광역시,울주군,U,0.9118927766197183,,2016,D
282,1fbe8f642c1b6c23100534c9ef006089,2016-04-22 16:09:51,282,,,-0.6256300766289765,0,680.5,0,86.25,2,0.0,-357.7000000000001,14,울산광역시,울주군,U,0.9118927766197183,,2016,D
283,1fbe8f642c1b6c23100534c9ef006089,2016-04-22 16:09:51,283,,,-0.6256300766289765,0,787.5,0,86.25,1,0.0,-439.0,14,울산광역시,울주군,U,0.9118927766197183,,2016,D
284,1fbe8f642c1b6c23100534c9ef006089,2016-04-22 16:09:51,284,,,-0.4754100398774608,0,854.5,0,86.25,1,0.0,-469.4,14,울산광역시,울주군,U,0.9118927766197183,,2016,D
285,1fbe8f642c1b6c23100534c9ef006089,2016-04-22 16:09:51,285,,,-0.6256300766289765,0,780.5,0,86.25,2,0.0,-376.5,14,울산광역시,울주군,U,0.9118927766197183,,2016,D
286,1fbe8f642c1b6c23100534c9ef006089,2016-04-22 16:09:51,286,,,-0.6529428105837976,0,657.0,0,86.25,2,0.0,-69.2,1,울산광역시,울주군,U,0.9118927766197183,,2016,D
287,1fbe8f642c1b6c23100534c9ef006089,2016-04-22 16:09:51,287,,,-0.3251900031259452,0,864.5,0,87.0,1,7.0308,341.6,1,울산광역시,울주군,U,0.9118927766197183,,2016,D
288,1fbe8f642c1b6c23100534c9ef006089,2016-04-22 16:09:51,288,,,-0.16131359939701895,3,1302.0,0,87.0,1,8.5932,429.1,1,울산광역시,울주군,U,0.9118927766197183,,2016,D
289,1fbe8f642c1b6c23100534c9ef006089,2016-04-22 16:09:51,289,,,-0.2432518012614821,8,1321.0,0,87.0,1,0.0,381.2000000000001,1,울산광역시,울주군,U,0.9118927766197183,,2016,D
290,1fbe8f642c1b6c23100534c9ef006089,2016-04-22 16:09:51,290,,,-0.5027227738322819,9,1103.0,0,87.0,2,0.0,218.2,1,울산광역시,울주군,U,0.9118927766197183,,2016,D
291,1fbe8f642c1b6c23100534c9ef006089,2016-04-22 16:09:51,291,,,-0.584660975696745,7,928.5,0,87.0,2,0.0,104.3,1,울산광역시,울주군,U,0.9118927766197183,,2016,D
292,1fbe8f642c1b6c23100534c9ef006089,2016-04-22 16:09:51,292,,,-0.584660975696745,6,880.0,0,87.0,2,0.0,131.0,1,울산광역시,울주군,U,0.9118927766197183,,2016,D
293,1fbe8f642c1b6c23100534c9ef006089,2016-04-22 16:09:51,293,,,-0.6529428105837976,5,810.0,0,87.0,2,0.0,47.0,1,울산광역시,울주군,U,0.9118927766197183,,2016,D
294,1fbe8f642c1b6c23100534c9ef006089,2016-04-22 16:09:51,294,,,-0.5027227738322819,2,781.5,0,87.75,2,0.0,15.3,1,울산광역시,울주군,U,0.9118927766197183,,2016,D
295,1fbe8f642c1b6c23100534c9ef006089,2016-04-22 16:09:51,295,,,-0.6529428105837976,0,731.5,0,87.75,2,0.0,15.1,0,울산광역시,울주군,U,0.9118927766197183,,2016,D
296,1fbe8f642c1b6c23100534c9ef006089,2016-04-22 16:09:51,296,,,-0.6802555445386186,0,688.5,0,87.75,2,0.0,15.3,0,울산광역시,울주군,U,0.9118927766197183,,2016,D
297,1fbe8f642c1b6c23100534c9ef006089,2016-04-22 16:09:51,297,,,-0.6119737096515661,0,663.0,0,87.0,2,0.0,15.2,0,울산광역시,울주군,U,0.9118927766197183,,2016,D
298,1fbe8f642c1b6c23100534c9ef006089,2016-04-22 16:09:51,298,,,-0.6119737096515661,0,647.5,0,87.0,2,0.0,15.1,0,울산광역시,울주군,U,0.9118927766197183,,2016,D
299,1fbe8f642c1b6c23100534c9ef006089,2016-04-22 16:09:51,299,,,-0.6802555445386186,0,640.5,0,87.0,2,0.0,15.1,0,울산광역시,울주군,U,0.9118927766197183,,2016,D
300,1fbe8f642c1b6c23100534c9ef006089,2016-04-22 16:09:51,300,0.0,0.0,-0.7075682784934396,0,642.0,0,87.0,2,0.0,15.3,0,,,,,,2016,D
301,1fbe8f642c1b6c23100534c9ef006089,2016-04-22 16:09:51,301,,,-0.7348810124482607,0,641.0,0,87.0,2,0.0,15.1,0,,,,,,2016,D
302,1fbe8f642c1b6c23100534c9ef006089,2016-04-22 16:09:51,302,,,-0.7075682784934396,0,640.5,0,87.0,2,0.0,15.1,0,,,,,,2016,D
303,1fbe8f642c1b6c23100534c9ef006089,2016-04-22 16:09:51,303,,,-0.6802555445386186,0,634.5,0,87.0,2,0.0,15.1,0,,,,,,2016,D
304,1fbe8f642c1b6c23100534c9ef006089,2016-04-22 16:09:51,304,,,-0.6802555445386186,0,642.0,0,87.0,2,0.0,15.3,0,,,,,,2016,D
305,1fbe8f642c1b6c23100534c9ef006089,2016-04-22 16:09:51,305,,,-0.7348810124482607,0,634.0,0,87.0,2,0.0,15.1,0,,,,,,2016,D
306,1fbe8f642c1b6c23100534c9ef006089,2016-04-22 16:09:51,306,,,-0.6802555445386186,0,640.0,0,87.0,2,0.0,15.1,0,,,,,,2016,D
307,1fbe8f642c1b6c23100534c9ef006089,2016-04-22 16:09:51,307,,,-0.6119737096515661,0,636.5,0,87.0,2,0.0,15.1,0,,,,,,2016,D
308,1fbe8f642c1b6c23100534c9ef006089,2016-04-22 16:09:51,308,,,-0.7348810124482607,0,641.0,0,87.0,2,0.0,15.3,0,,,,,,2016,D
309,1fbe8f642c1b6c23100534c9ef006089,2016-04-22 16:09:51,309,,,-0.6802555445386186,0,628.5,0,87.0,2,0.0,15.3,0,,,,,,2016,D
310,1fbe8f642c1b6c23100534c9ef006089,2016-04-22 16:09:51,310,,,-0.7348810124482607,0,634.5,0,87.0,2,0.0,15.1,0,,,,,,2016,D
311,1fbe8f642c1b6c23100534c9ef006089,2016-04-22 16:09:51,311,,,-0.7075682784934396,0,636.0,0,87.0,1,0.0,15.2,0,,,,,,2016,D
